Období;1. Nefinanční podniky - do 1 roku;2. Nefinanční podniky - od 1 roku do 5 let;3. Nefinanční podniky - nad 5 let;4. Nefinanční podniky - celkem;4.1 z toho: Nefinanční podniky - syndikované úvěry - celkem;5 .Domácnosti - úvěry na spotřebu - do 1 roku;6. Domácnosti - úvěry na spotřebu - od 1 roku do 5 let;7. Domácnosti - úvěry na spotřebu - nad 5 let;8. Domácnosti - úvěry na spotřebu - celkem;9. Domácnosti - úvěry na bydlení - do 1 roku;10. Domácnosti - úvěry na bydlení - od 1 roku do 5 let;11. Domácnosti - úvěry na bydlení - nad 5 let;12. Domácnosti - úvěry na bydlení - celkem;13. Domácnosti - ostatní úvěry - do 1 roku;14. Domácnosti - ostatní úvěry - od 1 roku do 5 let;15. Domácnosti - ostatní úvěry - nad 5 let;16. Domácnosti - ostatní úvěry - celkem;17. Domácnosti - celkem;18. Fin. instituce jiné než měnové (bez poj.spol. a penzijních fondů) - celkem;19. Fin. instituce jiné než měnové (bez poj. spol. a penzijních fondů) - do 1 roku;20. Pojišťovací společnosti a penzijní fondy - celkem;21. Pojišťovací společnosti a penzijní fondy -  do 1 roku;22. Vládní instituce - celkem;23. Ústřední vládní instituce - celkem;24. Ostatní vládní instituce  - celkem;
2023-08-31;278327,1;327487,1;723320,8;1329135,1;242345,8;25235,2;33403,3;262435,3;321073,7;1122,1;2268,4;1723440,7;1726831,2;10128,3;8310,9;155897,2;174336,4;2222241,4;329027,7;81276,3;1795,8;1354,4;64544,2;1221,9;63322,3;
2023-07-31;280722,9;323410,6;717392,3;1321525,7;240615,6;24964,5;33357;260632,6;318954,1;1132,6;2276,1;1718078,6;1721487,4;10342,1;8349;155115,4;173806,4;2214247,8;332104,1;83969,9;1727,7;1286,3;64648,8;2211,4;62437,4;
2023-06-30;279886,8;306355;713164,9;1299406,8;230346,2;24568,3;33232,4;259260,4;317061,1;1129,9;2249;1715540,1;1718919;10193,8;8433,8;154466,5;173094,2;2209074,3;331457;86448,6;2064,7;1623,3;64930,6;2231,2;62699,4;
2023-05-31;288180,2;293294,4;708600;1290074,6;219772,2;25026,5;32905,6;257260;315192;1141,5;2226,6;1710931,9;1714300,1;10035,5;8214,9;153525;171775,4;2201267,5;324261;82241,9;2097,4;1656;60999,6;2252,6;58747;
2023-04-30;289342,2;294923,7;700929,1;1285195;214374,4;24245,7;32671,1;255155,3;312072,2;1136,8;2220,7;1706427,7;1709785,3;9918,7;8252,2;152826,8;170997,7;2192855,2;323119;86614,8;2171,9;1730,5;61208,8;2280,1;58928,8;
2023-03-31;284478,5;284792,2;695411,9;1264682,7;208322,5;25083,6;32044,5;249828,8;306956,9;1122,3;2188,6;1681905,6;1685216,5;9893,5;8204,8;151345,9;169444,2;2161617,5;329688,9;91251;2270,4;1828,9;61390,4;2497,9;58892,5;
2023-02-28;280371,7;273336;703908,8;1257616,5;204245,3;22612,7;33339,6;247956,9;303909,3;1119;2217,8;1676992,4;1680329,2;10122,4;8218,6;151119,1;169460,1;2153698,5;321367,4;85163,5;2465,9;2024,5;68279,1;8692,3;59586,8;
2023-01-31;283742,3;276773,8;703965,5;1264481,6;206056,7;22849,2;33964;245785,8;302599;1104,4;2254;1673512,1;1676870,5;10051,9;8293,8;151394,8;169740,5;2149209,9;322307,8;92990,9;2621;2179,6;62405,4;2765,1;59640,4;
2022-12-31;275551,5;264852,9;704092,2;1244496,6;202505;23493,9;33985,7;244919,4;302399,1;1111,2;2270,8;1670772,4;1674154,4;10307,3;8403,7;151546;170257;2146810,5;314884,5;79963,3;2541,4;2099,9;62207,1;3022,3;59184,8;
2022-11-30;316589,7;267959,8;704904,9;1289454,3;203518;23261,5;34237,9;244606,3;302105,7;1168,1;2280,4;1666035,9;1669484,3;10265,2;8652,9;151311,8;170229,9;2141819,9;318786;84067,9;2313,1;1871,6;64831,7;6736,5;58095,2;
2022-10-31;315265,4;277400,1;702245;1294910,5;205193,4;22431,6;33585,8;238026,3;294043,7;1199;2302,9;1659849;1663350,9;10320,8;9662,2;156098,7;176081,6;2133476,2;311090,6;85641,9;2722,8;2281,4;64346,4;6984,8;57361,6;
2022-09-30;315891,2;273807,7;697295;1286993,8;204923,5;22187,4;33763,3;236838,7;292789,5;1226,8;2368,1;1654959,9;1658554,7;10474,8;9489,9;155419,5;175384,1;2126728,4;302174,9;82974,7;2272,9;1831,5;64056,2;7131;56925,2;
2022-08-31;345093,9;269480,7;688406;1302980,5;197099,3;22485,9;33508,2;235612,5;291606,6;1248,7;2371,7;1649584,2;1653204,6;10347,8;9121,1;154684,4;174153,2;2118964,4;300262,4;80488,7;2389,6;1948,2;57770,8;2178,9;55591,9;
2022-07-31;313209,1;264285,7;686182,4;1263677,2;194135,8;21755,8;33612,9;234412,8;289781,5;1282,8;2394;1643179,6;1646856,5;10596,1;9144,2;154052,3;173792,6;2110430,5;300140,4;81878,4;2095,2;1653,8;57754,5;2427,2;55327,2;
2022-06-30;289961,9;262505,4;677533,4;1230000,7;190895,2;22144,3;33359,4;233185,8;288689,5;1349,6;2451,3;1636084,5;1639885,5;10819,5;9099,9;153509;173428,4;2102003,4;292623,8;88849,4;2240,1;1798,7;57309,3;2435,7;54873,6;
2022-05-31;288224,8;263984;676395,8;1228604,5;186666,4;22088,3;33099,5;230760,6;285948,3;1423,7;2482,3;1621875,6;1625781,6;10695,3;8978,5;152317,8;171991,7;2083721,6;277052,2;82652,9;2109,7;1668,3;58020,5;2455,6;55564,9;
2022-04-30;288058,2;269803,3;672172,6;1230034,1;182652,8;20993,4;33136,7;227971;282101,2;1500,1;2529,4;1609856,5;1613885,9;10773,2;8972,4;151358,2;171103,8;2067090,9;273857,5;80790,2;1936,5;1495,1;57668,6;2539,8;55128,7;
2022-03-31;287336,4;266269,6;680399,2;1234005,2;182651,4;21714,2;33673;231499,8;286886,9;1608,1;2614,5;1624744,3;1628966,9;10399,8;8934,9;152032,2;171366,9;2087220,7;270069,6;78698,8;1975,1;1533,7;57701,4;2707,9;54993,5;
2022-02-28;296393,1;270153,7;685744,3;1252291,1;185071,1;21096,2;33453,4;229443,8;283993,4;1696;2648,3;1612671,1;1617015,4;11000,9;8985,4;151085,6;171071,9;2072080,7;254166,2;66598,6;1850,7;1409,3;59513,1;2750,9;56762,3;
2022-01-31;265720,2;260455,6;673827,3;1200003,1;183058,9;21284,3;33511,4;227596,7;282392,5;1785,9;2683,7;1603416,8;1607886,5;10866;8949,1;150361,8;170176,9;2060455,8;252454,4;68522,9;2284,7;1843,2;59906,8;2767,5;57139,2;
2021-12-31;266048,3;262054,5;671736;1199838,8;178664,2;22230,2;33715,2;226002,9;281948,3;1855,3;2736,8;1592636,9;1597229;11146,2;9004,6;149996,4;170147,2;2049324,5;258071,9;69357,3;1885,1;1443,6;58952,6;2991,8;55960,8;
2021-11-30;273063,5;274502,3;671662,9;1219228,7;186258,8;22146,3;33921,5;224929,9;280997,7;1906,3;2781,8;1577643,9;1582332;10550;9248,9;149319,9;169118,8;2032448,5;250381,2;64316,5;965,6;524,2;76759,6;20893,9;55865,7;
2021-10-31;282344,8;268713,7;667524;1218582,5;181848,6;21421;33782,8;222972,6;278176,4;1948,3;2780,8;1562485,6;1567214,8;10559,7;9526,9;148332,6;168419,2;2013810,4;247036,4;61174,4;1139,1;697,7;87415,2;32073,8;55341,5;
2021-09-30;274373,3;262659,5;661767,1;1198799,9;180267,6;21543,6;33638,2;220919,4;276101,2;2019,1;2919,9;1548074,5;1553013,5;10692,5;9492,4;147432,1;167616,9;1996731,6;243384,4;58512,4;1182,9;741,4;58358,8;3199,5;55159,3;
2021-08-31;261518,9;260913,3;648927,4;1171359,5;169020,3;21729;33390;219121,5;274240,5;2091;2999,2;1531630,9;1536721,2;10132,6;9419,3;146652,7;166204,6;1977166,3;239456,6;54363,6;815,2;373,7;133279,3;79350,1;53929,2;
2021-07-31;247895,8;261454,9;646852,5;1156203,2;167971,7;21303,6;33247,5;217327,1;271878,2;2135,2;2931,8;1516179,4;1521246,4;10024,1;9511,1;145732;165267,3;1958391,8;240711,3;56955,5;720,1;278,6;111890;58503,7;53386,3;
2021-06-30;249195,2;259902,8;639159,2;1148257,3;167047,8;21285,6;33005,6;215474,1;269765,2;2179,5;2937,3;1502305,4;1507422,2;10057,3;9472,4;144927,2;164456,9;1941644,4;242679,5;61338,3;1022,9;581,4;85168,9;33004,9;52164;
2021-05-31;244871,3;256593,7;654348;1155813;176822,9;21180,6;32804,8;213388,8;267374,2;2262,8;2881,5;1486671,5;1491815,9;9522,1;9507,2;143887,3;162916,6;1922106,7;236138,8;59218;1343;901,5;163878,2;112227,7;51650,5;
2021-04-30;243632;255403;654784,3;1153819,3;172072,4;20542,4;32666,4;211679,5;264888,3;2284,9;2878;1473191,1;1478354;9366,6;9728;143102,9;162197,6;1905439,9;237218,1;61029,2;1082,8;641,3;239913,3;188633,6;51279,7;
2021-03-31;239928,1;253214;655244,2;1148386,3;172590,1;21085,7;32381,3;209974,7;263441,6;2330,6;2824;1461222,7;1466377,2;9262;10001,7;143293,1;162556,8;1892375,7;245085,4;65738,6;1401,8;960,3;175489,9;124605,3;50884,7;
2021-02-28;238530,2;249037,4;657694,9;1145262,5;170011,4;20709,1;32709,1;209133,8;262552,1;2322,9;2861,6;1448727,7;1453912,2;9215,8;10013,9;142798;162027,7;1878491,9;246434,6;67542,4;1284,9;843,4;55364,5;3705,2;51659,3;
2021-01-31;244568;248083,4;646973,5;1139625;169821,2;21535,3;33909,8;206904,3;262349,4;2352,5;2952,1;1438870,1;1444174,7;11505,6;9997,4;140560,3;162063,3;1868587,4;248710,3;70539;1379,9;938,4;55370,1;3776,5;51593,6;
2020-12-31;234675,3;247610,1;652924,2;1135209,6;171157,9;23302,5;34452,9;207111,5;264866,9;2393,9;2848,5;1432646,9;1437889,4;9559,1;10186,8;142573,1;162319;1865075,2;221791,2;47664,8;944,2;502,6;54376,9;3775,8;50601,1;
2020-11-30;258115,3;245257,1;661090;1164462,4;174314,6;22888,8;34730,7;207153,1;264772,6;2461,4;2867,4;1420816;1426144,8;9377,3;10387,2;142786,1;162550,6;1853468;257902,8;80590,8;808,3;366,7;55311,4;3795,8;51515,6;
2020-10-31;263236,1;250418,2;664729,9;1178384,2;177268,1;23049,7;35087,1;206834,9;264971,7;2487,2;2946;1409852,4;1415285,7;9515,9;10290,4;141504,3;161310,6;1841568;258375,8;79947;481,2;39,7;55012,3;3843,3;51169;
2020-09-30;262957,9;251672,5;662899,5;1177529,9;175372,3;24061;35235,9;205902,4;265199,3;2528,4;2921;1399929,4;1405378,9;9389,3;10288,6;140275,4;159953,4;1830531,6;257745,3;77750,5;1955,4;1513,8;53628,5;4277;49351,5;
2020-08-31;255952,9;246734,5;663077,5;1165764,9;178877,5;24130,3;35676,4;204913;264719,6;2448,7;2962,6;1390027,5;1395438,9;9319,4;10209,1;139480;159008,5;1819167;251470,7;76171,7;2629,2;2187,6;52714,7;4452,1;48262,6;
2020-07-31;250677,3;243562,7;662076,5;1156316,6;178604,9;24173,7;35889;203867,9;263930,6;2438,2;3080,7;1381143,1;1386662;9533,5;10168;138787,6;158489,1;1809081,7;243974,6;73096;8999,1;8557,6;55014,6;7264,3;47750,3;
2020-06-30;256518,8;242018,3;670540,5;1169077,6;183513,4;23989,6;36021;202763,7;262774,4;2416,7;3087;1370699,6;1376203,3;9477,9;9886;137908,3;157272,1;1796249,8;238020,8;66179,8;12978,6;12978,6;55018;5799,5;49218,5;
2020-05-31;260770,2;243121,6;673788,2;1177679,9;188966,4;23498,5;36252,1;201712,7;261463,3;2487,4;3077,5;1360491,8;1366056,6;9341,9;9596,7;137359,1;156297,7;1783817,6;240385,5;66139,5;13537,7;13537,7;56458,9;7452;49006,8;
2020-04-30;266698,5;247370,1;668211,2;1182279,8;188931,3;23179,9;36457,5;201503,2;261140,6;2542,3;3154,6;1352027,7;1357724,5;9609,7;9462,3;137041,2;156113,2;1774978,3;247459,1;72176,4;9716,7;9716,7;49795,1;3640;46155,1;
2020-03-31;263096,6;248814,9;664877,9;1176789,3;189573,9;24515,6;37309,9;201452,4;263277,9;2557,7;3196,3;1345202,1;1350956,1;9884,8;9597,2;136961,9;156443,8;1770677,8;262866;83385,3;17640,9;17640,9;49932,2;4041,7;45890,5;
2020-02-29;252947,2;238830,7;643944,9;1135722,8;178665,6;25065,2;38199,1;200420,3;263684,6;2608,8;3262,8;1337766,8;1343638,4;10324,9;9757,7;136257,2;156339,8;1763662,8;254603,8;80596,8;15160;15160;51115,9;3929,8;47186,1;
2020-01-31;255512,2;238888,5;644695,6;1139096,3;183457,5;25629;38192,3;198757,8;262579,1;2629,8;3300,9;1331650,2;1337580,9;10372,2;9709,5;135960,2;156041,9;1756201,9;252662,3;76687,7;10270,7;10270,7;50242,4;3561,3;46681,2;
2019-12-31;250599,3;238887,5;643625,9;1133112,8;184498,4;26585,9;38346,2;197754,8;262686,9;2657,4;3332;1325750,4;1331739,7;10424,7;9840,9;136000;156265,6;1750692,3;225181,5;49280,5;2303,3;2303,3;49795,4;3972,5;45822,9;
2019-11-30;268137,9;246061,4;644424,9;1158624,2;190045,8;25784,6;38633,3;197109,4;261527,2;2710,9;3351,5;1318543,6;1324605,9;10284,2;10009,8;135600;155894,1;1742027,2;248741,6;72651,1;2828,3;2828,3;48902;3192,8;45709,2;
2019-10-31;274785,6;247680,8;634277,4;1156743,7;190733,8;25943,5;38597,5;195766,8;260307,9;2746,9;3339;1309186,7;1315272,6;10572,7;10155,3;135104,6;155832,7;1731413,1;252744;75474,3;5817,2;5817,2;48006,6;3066;44940,6;
2019-09-30;275092,8;245966,9;632291,2;1153350,9;188445,6;25978,4;38496;193897,1;258371,6;2815,1;3327,5;1301335,6;1307478,3;10669,2;10017,4;134930,8;155617,5;1721467,3;250105,4;76016,1;4595,3;4595,3;46631,3;3127;43504,3;
2019-08-31;265388,3;244622,7;634655,7;1144666,7;190034,1;26356,4;38477,4;191908,3;256742,1;2826,2;3411,6;1294692,9;1300930,6;10590,5;10065,5;134475,6;155131,6;1712804,3;249438,1;73899,1;10508,3;10508,3;45538,1;3450;42088,1;
2019-07-31;262526,8;240303,7;625863,4;1128693,9;184512,7;26548,3;37982,5;189113,3;253644;2776,3;3424,4;1285011,2;1291212;10673,7;10458;137616,7;158748,4;1703604,4;249722,1;74084,3;13076,7;13076,7;45143,4;3658;41485,4;
2019-06-30;264176,3;244351,4;606409,4;1114937,1;174485,2;25973,8;37845,3;187264,8;251083,8;2740,5;3453,4;1277301,8;1283495,7;10859,5;10521,5;137142,1;158523,1;1693102,6;252035,2;74751,7;17572,6;17572,6;45519,7;4065;41454,7;
2019-05-31;261445,3;248206,4;607628,7;1117280,4;171444,2;26491;38116,8;185564,4;250172,2;2694;3456,8;1269729,5;1275880,3;10703,8;10464,6;136529,2;157697,6;1683750,1;248058,3;74387,1;15167,1;15167,1;45310,6;3982,3;41328,3;
2019-04-30;262849,3;248552,2;602744,5;1114146;169125,1;26162,2;38245,8;183410,6;247818,6;2669,1;3467,7;1261826,2;1267963;11035,7;10534,9;135787,2;157357,8;1673139,4;241286,3;67475,6;17011,8;17011,8;45043,4;3592,1;41451,3;
2019-03-31;262596,3;247770,2;595028,2;1105394,8;168779,7;26442,8;38154,7;181417,4;246014,9;2680,3;3515,1;1255801,2;1261996,6;10839,5;10381,7;135545,9;156767,1;1664778,6;241517,3;69915,1;14113,9;14113,9;45515,4;3745;41770,4;
2019-02-28;257884,1;247646,4;597557;1103087,5;169486,8;26581,3;38095,3;179574,2;244250,8;2656,7;3649,5;1249287,1;1255593,4;10846,3;10360;135453,3;156659,6;1656503,8;237666,2;66453,2;12961,5;12961,5;46412;3630,5;42781,5;
2019-01-31;265954,3;247791,7;595589,5;1109335,5;170277,7;27174,3;38355;178143,5;243672,9;2638,5;3810,6;1245115,6;1251564,7;11590,6;10338,1;135552,9;157481,6;1652719,2;239576,9;70856,6;3394,2;3394,2;49525,1;6682;42843,1;
2018-12-31;258959,7;226353,1;612078,5;1097391,3;169818,4;28719,3;39766,6;176871,1;245357;2681,2;3435,1;1243413,9;1249530,2;11119,2;10215,2;134446,7;155781,2;1650668,3;217462,3;43266,9;808,3;808,3;49409,9;6496,8;42913,1;
2018-11-30;269682;231811,2;618129,9;1119623,1;174994,1;28203,3;40037;176485;244725,3;2647,3;3493,1;1237226,4;1243366,8;10845,5;10315,1;136337,5;157498,1;1645590,2;235209,2;64647,9;19024,2;18533,2;48292,9;5979,4;42313,5;
2018-10-31;285660,7;229408,8;617089,8;1132159,3;179755,7;28297,9;39913,4;175146,6;243357,9;2670,9;3569,9;1227138,2;1233379;11239;10259,8;135756,4;157255,1;1633992;239625,1;65372,1;17444,6;17444,6;50561,7;8300;42261,7;
2018-09-30;280677,9;226807,5;608806,4;1116291,8;173803,1;27683,3;39742,4;173885,2;241310,9;2590,5;3569,7;1215839;1221999,2;11386,8;10227;135163,4;156777,2;1620087,3;242792,5;69458,9;29839;29839;47819,4;5923,4;41896,1;
2018-08-31;272855,4;224073,8;606108,4;1103037,6;174857,7;28263,4;39693,7;172675,9;240632,9;2507,6;3582,1;1207498,9;1213588,6;11734,8;10188,7;134780,8;156704,3;1610925,8;236832,1;64894;32768,2;32768,2;47153,1;5616,6;41536,5;
2018-07-31;268359,3;223009,7;601407,1;1092776;175955,5;28368,4;39466,4;171204,4;239039,2;2439,7;3637,8;1197824,3;1203901,7;11509,5;10193,1;134296,6;155999,2;1598940,1;240365,7;68087,6;29514;29514;47740,4;6996;40744,4;
2018-06-30;263053,5;219856,6;598610,7;1081520,8;168406,2;27984,5;39298,9;169915,7;237199;2416,8;3633,5;1190220,7;1196271;11451,1;10158,3;133972;155581,5;1589051,5;237461,7;67969,2;23414,6;23414,6;43945,9;4033,6;39912,3;
2018-05-31;257396,5;215906,9;590350,6;1063654;165151,8;28673,3;38933,5;168147,8;235754,6;2404;3603,7;1180784,4;1186792;11332,9;10051,9;133244,7;154629,5;1577176,1;229086,4;63397,4;22122,5;22122,5;44547,2;4173,2;40374,1;
2018-04-30;256658,2;212962,6;585978,1;1055599;164714;28386,7;38724,1;166179,8;233290,6;2455,2;3593,3;1172224,1;1178272,5;11372,1;9858,7;132592,3;153823,1;1565386,2;229766,3;65024,9;21403,5;21403,5;44696,9;4658,2;40038,7;
2018-03-31;254307;211067;580587;1045961;159783,5;28916,2;38558,2;164596,7;232071;2499,7;3632,5;1164539,1;1170671,2;11674,4;9595,3;131964,8;153234,5;1555976,7;233772,8;69513,9;27038;27038;44367,1;4168;40199;
2018-02-28;256615,8;212470,8;578579;1047665,6;163390;29113,7;38317,3;163098,2;230529,2;2534,7;3646,7;1157237,5;1163418,9;11434,7;9527,5;131806,4;152768,6;1546716,8;225590,2;66351;26377,7;26377,7;45748,5;4974,4;40774,1;
2018-01-31;258383,3;199715,2;575442;1033540,5;163095;30020,9;38259,5;161992;230272,4;2643,1;3725,7;1151564,2;1157933;11665,3;9211,7;131671,5;152548,6;1540754;226574,7;70284,9;20316,9;20316,9;46442,9;5566,5;40876,4;
2017-12-31;258409,5;200044,6;577682,1;1036136,2;163226,5;30654,2;38791,2;161319,3;230764,6;2673,3;3782,2;1145608,6;1152064,1;11719;9184,9;131409,1;152313;1535141,7;200931,4;42391,7;3009,5;3009,5;45137,7;5742,8;39394,9;
2017-11-30;273404,4;200560;570162,9;1044127,4;158653,3;30668,9;38706,3;160611;229986,1;2738;3813,7;1138536,7;1145088,4;11615,5;9219,2;130652,4;151487;1526561,6;223745,7;63890,1;16342,6;16342,6;46393,2;6112,4;40280,8;
2017-10-31;275248,9;202262,6;569396,3;1046907,7;160218,1;30536;38530,2;158992;228058,2;2819,5;3810,2;1130098,7;1136728,4;12003,8;9229,5;129922,7;151156,1;1515942,7;223818,6;62896,1;26887,5;26887,5;49942,1;10184,7;39757,4;
2017-09-30;274132,3;211716,4;574120,7;1059969,4;170424;30473;38178,5;157709,3;226360,7;2870,9;14121,6;1111690,4;1128682,9;12269,7;9091,4;129206,1;150567,3;1505610,9;224922,8;62187,6;36249,5;36249,5;48844,4;9348,7;39495,7;
2017-08-31;273056,4;211636,1;575320,2;1060012,7;170004,1;32709,7;38510,2;156616;227835,9;2863,6;14019,4;1104392,5;1121275,4;12385,2;9038,6;128556,4;149980,2;1499091,6;221521,4;61034,9;35742,2;35742,2;48198,9;8572,7;39626,2;
2017-07-31;270460,3;210764,1;570018,9;1051243,4;167891;32656;38297,7;155351,3;226305;2870,3;13777,1;1095143,6;1111791;12584,6;9032,1;128080;149696,7;1487792,7;218288,4;58316,8;35712,3;35712,3;50187,4;10644,3;39543,1;
2017-06-30;261103,1;208167,6;569952,2;1039222,9;164585,3;32587;37780,3;154567,3;224934,7;2936,3;13679,7;1088473,4;1105089,3;12309,8;9009,3;127434,4;148753,5;1478777,4;222804,8;63520,3;22657,6;22657,6;45132,6;5381,9;39750,6;
2017-05-31;259554,6;202232,7;586129,1;1047916,4;174211,7;33242,6;37174,9;153524,7;223942,3;3047,1;13324,8;1078541,1;1094912,9;12372,2;8957,9;126656,9;147987;1466842,2;223399,6;60663,8;22760,6;22760,6;56707,3;16775,3;39931,9;
2017-04-30;265120,7;202527,1;574225,5;1041873,4;165488,9;33308,6;36318,3;152229,9;221856,8;3173,7;13390,7;1068643,3;1085207,7;12492,5;9071,8;126022,8;147587,1;1454651,6;232203,8;63787,8;19818,5;19818,5;57844,7;18180,2;39664,5;
2017-03-31;258103,8;198586,4;566329,8;1023020,1;165320,2;34656,1;36099,3;151130,8;221886,1;3192,3;13005,4;1061604,7;1077802,4;12089,1;8975,3;125524,5;146588,9;1446277,5;224246,9;64974,8;18189,9;18177;45231,7;5534,6;39697,1;
2017-02-28;247523,8;194326;566170,9;1008020,7;163230,6;34341,7;35709,1;151290,8;221341,5;3281,4;12658,6;1053218,8;1069158,8;11549,9;9023,6;124741,9;145315,3;1435815,7;218792,7;62456,9;12837,4;12824,6;62175,3;21807,6;40367,7;
2017-01-31;248804,9;191878;560283,6;1000966,5;162972,2;34879,7;35418,7;150453,5;220751,9;3327,4;12400,9;1047443,7;1063172;11852,2;9040,3;124950,5;145843;1429766,9;213231;56554,9;11672,7;11659,8;63120;22416,7;40703,3;
2016-12-31;245215,2;191792,1;557847,9;994855,2;164236,3;35948,3;35749,3;150554,6;222252,2;3422,4;12305,6;1043832,2;1059560,2;12288,8;8954,1;125314,8;146557,7;1428370,1;197100,7;43060,9;26,5;0,6;49075,8;7421,8;41654;
2016-11-30;259633,3;195608,4;571291,5;1026533,1;182309,4;36020,2;35588,8;149654;221263;3389;12179,5;1037820,4;1053388,9;12029,9;9695,7;123868,3;145593,9;1420245,8;206109,9;60566,7;611,6;585,8;55452,2;13406,2;42046;
2016-10-31;270367,3;189919,1;564630,9;1024917,3;175581,1;35809,3;35205,7;148634,1;219649,2;3437,1;12043,1;1028993,8;1044474,1;12189,8;9773,6;123006;144969,4;1409092,6;199320,1;56173;626,8;601;62448,2;20533,6;41914,6;
2016-09-30;267224,8;188215,7;563196;1018636,5;174343,4;35933,2;34862,8;147346,9;218143;3497;11942,8;1019657,5;1035097,2;12348,2;9714,1;122534,9;144597,2;1397837,5;196988,1;53228,1;1895;1856,3;51209,3;8852,2;42357,1;
2016-08-31;258151,6;188092,9;555739;1001983,5;167812,8;36365,7;34629,7;146414,4;217409,7;3493,9;11857,6;1011206,8;1026558,2;12240;9625,5;122021,2;143886,8;1387854,8;189770,2;51418;2100;2061,3;51284,8;8302,1;42982,7;
2016-07-31;256855,6;189076,8;553358,8;999291,2;167654;36426,8;34577;145414,2;216418;3482,8;11759,4;1002534,7;1017776,9;12327,6;9645,4;121295,2;143268,2;1377463,1;188988,4;51199,8;982,8;944;51501,2;8108,4;43392,8;
2016-06-30;253756,6;186495,5;543584,9;983837;159650,7;36464,6;34298,3;144687,5;215450,3;3427,5;11809,5;995719,9;1010956,9;12212,6;9507,8;120519,8;142240,2;1368647,4;190198,5;52963,9;2257,3;2205,5;51990,6;8347,7;43643;
2016-05-31;251981,8;185410,2;541452,7;978844,6;158370,5;36789,4;33954;143422,7;214166;3319,1;11676,9;986919,1;1001915,1;12219,4;9442,9;119544,3;141206,6;1357287,7;181023,6;51974,7;2248;2196,3;52712,9;8152,5;44560,4;
2016-04-30;252761,9;192149;534284;979194,9;163253,9;36537,3;33409,4;142181,6;212128,3;3249,1;11562,3;980053,3;994864,7;12495;9393,1;118864,6;140752,7;1347745,8;169442,5;47535,7;2249,7;2198,1;58787,2;12836;45951,3;
2016-03-31;251107;195004,3;528291,9;974403,2;160073,3;37823;32970,5;141169,2;211962,7;3116,4;11412,2;972859,2;987387,8;12574,6;9301,5;118469,9;140346,1;1339696,6;168661,3;47109,5;921,4;856,8;56959,9;9869;47091;
2016-02-29;242050,3;180399,9;526044,3;948494,5;127948,1;39385,9;34274,9;139966,7;213627,5;3178,1;11310,1;966902,2;981390,4;12610,3;9597,5;118361,8;140569,6;1335587,5;166700,3;47277,8;838,6;838,6;64197,8;16262,8;47935;
2016-01-31;245447,5;179404,8;523557,4;948409,7;128155,2;40036,4;32324,8;139144,7;211506;3314,3;11238,7;961998,5;976551,4;12917,3;9538,2;118312,5;140768;1328825,4;164909,5;44921,1;857,3;857,3;59299,5;11629,1;47670,5;
2015-12-31;236875,9;176710,5;521778,1;935364,6;125868,8;41380,4;32367,4;138989,2;212737;3316,3;11119,9;963338,3;977774,5;13105;9578;118674;141357;1331868,5;162899;44607,4;1;1;59326,4;12207,2;47119,2;
2015-11-30;263787,6;173921,8;524305,8;962015,2;129267,5;41118,2;32550,1;138492,4;212160,7;3342,9;10972,9;954342,1;968657,8;13164,8;9641,9;117850,1;140656,9;1321475,4;164673,1;49577,6;582,5;582,5;70535,2;21864,7;48670,4;
2015-10-31;269741,5;170638,7;523080,2;963460,5;132520,9;41615,3;33217,6;137794,5;212627,4;3395,9;10889,2;948037,1;962322,2;13333,1;9683,5;117188,1;140204,6;1315154,2;163477,1;48900,7;543,8;543,8;70642,4;21988,6;48653,7;
2015-09-30;272814,8;173075,9;514736,2;960626,8;131125,1;41707,5;33127,3;137799,9;212634,7;3493,4;10573,3;941730,9;955797,6;13258,4;9670,7;116606,5;139535,5;1307967,9;155998,6;44867,4;318,9;318,9;66898,6;18989;47909,6;
2015-08-31;271629,7;172250,4;510608;954488,1;128425,5;41592,2;33111,3;137308,2;212011,7;3588,7;10460,7;935423,1;949472,5;13262,8;9754,7;116310,2;139327,7;1300812;149826,1;42717,1;13,9;13,9;73027,6;25326,2;47701,4;
2015-07-31;273314,1;163544,9;498255,9;935114,8;109609,2;41808,7;32712,6;137584;212105,3;3551;10399,2;929703,1;943653,3;13610,9;9862,1;115865,5;139338,6;1295097,2;149140,8;45040,8;11,4;11,4;69587,5;22252,7;47334,9;
2015-06-30;274052,6;161515,2;485205,1;920773;107119,4;41844,5;32627,4;137153,5;211625,4;3474,3;10497,4;922081,3;936053;13612,9;9917;115455,9;138985,7;1286664,1;143706,4;41698;11,4;11,4;68606,4;21558,4;47047,9;
2015-05-31;270996,2;162908,1;480238,4;914142,8;108011,3;32205,8;30048,4;131163;193417,2;3434,9;10300,9;913608,6;927344,5;13024,5;9643,9;114780,4;137448,8;1258210,5;148254,3;39434,2;31,5;31,5;65927,4;18626,9;47300,5;
2015-04-30;268104,9;162624,8;472285,3;903015;100995,5;32152,1;29838,7;130642,5;192633,3;3417,9;10355,5;908008;921781,4;12958,7;9584,6;114324,1;136867,4;1251282,2;148776,9;40172,1;1,4;1,4;69539;19522,3;50016,7;
2015-03-31;264524,5;162632,4;469299,4;896456,3;102198,6;31717,7;26585,2;135034,8;193337,8;3310,7;10180,7;902478,5;915969,9;13599,6;9498,8;113990,9;137089,4;1246397;149010,2;41818,7;1,1;1,1;64911,3;14599,6;50311,7;
2015-02-28;265350,9;162544,5;468993,9;896889,2;99524,1;31445,7;26434,3;134579,5;192459,4;3307,8;10101,2;897693,3;911102,3;13444,1;9151,1;114486;137081,2;1240642,9;150368,6;41579,5;23,4;23,4;64935,2;17445,9;47489,2;
2015-01-31;261831,6;159650,7;469999,9;891482,1;99784,8;31648,9;27438,3;134937,9;194025,1;3306,1;10264,6;894798,6;908369,3;13765,1;9106,4;113937,8;136809,3;1239203,7;152313,2;40670,6;303,1;1,3;66859,8;19571,3;47288,4;
2014-12-31;263048,5;158779,9;468400,9;890229,3;102503,4;32785;27662,6;134968,3;195416;3296,4;10340,2;891902,3;905538,8;13780,2;9103;114219,2;137102,4;1238057,2;153621,3;43307,1;303,2;1,4;60512,9;13093,2;47419,7;
2014-11-30;269501,5;151792,1;461323,1;882616,7;97236,6;31962,8;27131,5;135944,2;195038,4;3330,6;10373,7;886270,7;899975,1;13736,3;9133,9;113515,4;136385,6;1231399,1;149935,5;41776,8;303,1;1,3;65588,3;18041,7;47546,7;
2014-10-31;268807,3;150685,6;456983;876475,9;94666,8;32461,3;27770,3;134911,2;195142,8;3332,1;10460,2;882238,7;896031;13812,7;9078,1;113423,4;136314,2;1227487,9;151814;41590,1;303,6;1,8;63466,9;17190,1;46276,8;
2014-09-30;270518,1;150170,4;439777,2;860465,6;86384,6;33047,2;28050,6;136525,8;197623,6;3381,9;10690,3;887797,5;901869,7;14391,4;9220,9;114419,1;138031,5;1237524,8;138401,4;36528,1;301,4;1,4;67420,4;21929,3;45491,1;
2014-08-31;260012,5;155430,4;444356;859798,8;87937,8;33048,5;28121,4;136099,1;197269;3378,7;10702,7;882338;896419,3;14195,3;9290,6;114263,5;137749,4;1231437,7;138064,5;34169,2;305,1;5;66256,8;20649,2;45607,6;
2014-07-31;263766,4;157427,2;443379,7;864573,2;86955,8;33233,3;28241,9;135696,1;197171,3;3336,2;10566;878524,9;892427;14316,8;9346,3;113855,8;137518,9;1227117,3;138460,2;35111;309,7;9,7;63053;17829,5;45223,5;
2014-06-30;261258,4;159964,6;448407,8;869630,8;90514,5;33132;28278,4;135030,6;196440,9;3331,7;10399,8;873608,5;887340;14482,6;9327,3;113507,8;137317,7;1221098,6;135796,1;36959;381,7;81,7;67233,4;22066,8;45166,6;
2014-05-31;257624,8;155998,2;449547,5;863170,5;91754,2;33319;28326,8;135036,5;196682,3;3271;10213,7;870481,6;883966,3;14450,5;9306,2;113420,3;137177;1217825,6;133444,3;35779,5;201,9;201,9;62639,5;16718,4;45921,1;
2014-04-30;260171,6;156277,3;448124,8;864573,6;91491,1;33115;28316,4;134676,1;196107,5;3258,7;10078,8;866856,6;880194,1;14515,1;9328,8;113194,1;137038;1213339,6;129228,6;31772,4;309,6;9,6;61413,4;16073;45340,4;
2014-03-31;261221;157819,8;443698,3;862739;91129,5;34032,3;28411,7;135636;198080;6166;9953,2;859131,2;875250,4;15182;9229,3;112525,3;136936,7;1210267,1;127873,4;31494;313,4;13,4;59527,4;14110,9;45416,5;
2014-02-28;262740,2;158412,7;447164,9;868317,7;93725,8;33662,8;28326,3;135196;197185,1;6127,3;9853,5;856188,6;872169,4;15110,2;9317,7;112518,6;136946,5;1206301;120215,9;29652,6;820,6;520,6;62956;16777,6;46178,4;
2014-01-31;262353,9;163086,5;450285;875725,4;96684,2;34510,1;28175,1;134990,7;197675,8;6137,6;9741,8;854613,6;870493;15196,1;9379,1;112502,3;137077,5;1205246,3;117608,8;28500;2067;1764,4;58339,5;12221,8;46117,7;
2013-12-31;259242,2;164124,9;448211,2;871578,4;100454,9;35205,5;28431,2;135578,4;199215,1;6071;10350,6;852769,2;869190,7;15411;9475,8;112997,8;137884,6;1206290,4;122844,8;30444,5;1280,1;971,7;58717,4;12095,1;46622,3;
2013-11-30;273066,5;162020,8;443982,2;879069,5;94013;35223,4;28793,8;136584,7;200601,8;6023;10350,9;853220,9;869594,7;14550,2;10249,7;113248,9;138048,8;1208245,4;121401,5;31703,8;778,3;469,9;63058,7;16238,6;46820;
2013-10-31;266794,2;159889;427956,1;854639,3;86067,6;35779,3;28609,5;135806,6;200195,5;5969,1;10199;848632,4;864800,6;14557,5;9514,6;110742;134814,1;1199810,1;119438;31111,6;1468,8;1156;62706,1;15732,9;46973,2;
2013-09-30;266628,8;159363,7;427194,6;853187,1;85150,2;35668;28668,2;135321,5;199657,8;5910,3;10033,2;843711,9;859655,4;14726,3;9416,9;110067;134210,1;1193523,3;118490,4;30551,5;4328;4015,2;59739,2;13277,5;46461,8;
2013-08-31;260179,9;158007;429406,1;847593,1;82249,1;36043,8;28401;134719,2;199164;5812,5;9858;840158,9;855829,3;14519,7;9432,7;109838,7;133791,1;1188784,4;121165,3;29932,9;1931,7;1618,8;61401,3;14628,9;46772,3;
2013-07-31;258135,4;155024;426665,6;839825;77817,4;36070,4;28551;134224,9;198846,3;5676,6;9720,7;836090;851487,3;14772,1;9515,7;109193,8;133481,6;1183815,3;121856,6;31594,9;2713;2397,6;61378,9;14940,2;46438,7;
2013-06-30;264666,3;152805,6;427948,6;845420,5;78278,2;35525,1;28546,2;133590,6;197661,9;5609,9;9632,6;831855,9;847098,4;14698,5;10471,5;108515,1;133685;1178445,3;121259,1;31514,2;1533,3;1212,3;58592,9;11987,9;46605;
2013-05-31;262495,8;152077,4;425601,6;840174,8;78257,7;36289,7;28637,7;133666,5;198594;5491;9450,9;828890,7;843832,6;14541,4;9361,9;108201,4;132104,7;1174531,2;118354,8;30976,6;194,7;173,8;67074,2;15116,1;51958,1;
2013-04-30;268822;154941,3;428055,3;851818,6;79695,8;35978,9;28630,2;132873,3;197482,4;5341,8;9165;825266,6;839773,5;13969,4;9088,3;107447,9;130505,5;1167761,4;115983,4;30395,7;1009,2;988,3;65759,8;13552,9;52206,9;
2013-03-31;269243,7;162344,7;429254,7;860843,1;82871;36584,8;28480,2;132289,4;197354,4;5216,3;9035,2;821458,1;835709,6;14162,5;9201,2;107535,1;130898,8;1163962,8;121312,6;29744,9;260,9;239,9;65560,5;12903,6;52656,9;
2013-02-28;263868,2;162303,1;429958,9;856130,1;84136,1;35496,7;28934;132162,3;196593;5118,3;8920;818990,1;833028,4;14182,1;9178;107400,2;130760,4;1160381,7;122215,4;30700,1;54,6;33,8;66077,8;18011;48066,8;
2013-01-31;263868,7;161132;429258;854258,6;78656,5;36168,1;29041,3;132340,6;197550;4956,8;9033,6;817357,4;831347,9;14419,5;9226,9;107964,2;131610,7;1160508,5;122180,2;31065,2;55,3;37,3;63116,5;15021,8;48094,7;
2012-12-31;262102;153798;424692,6;840592,6;77942,3;37664,1;31928;129999,2;199591,3;5615,5;8954,4;815978,9;830548,8;15255,2;9060,1;108863,5;133178,7;1163318,8;119623,4;30655,8;106,7;77,7;61651,6;13536,7;48114,9;
2012-11-30;271759,9;151944,4;422752,2;846456,6;73562,4;36766,8;32057,7;130283,3;199107,8;5333,8;8756,5;809329,6;823419,8;15184;8897,3;108448;132529,3;1155056,9;115543,2;28523,1;39;9,8;61563,9;13914,9;47649;
2012-10-31;274578,5;152194;418502,6;845275,2;71613,9;37454,8;31787;130149;199390,8;5338,2;8580,8;804971,6;818890,6;15360,8;8920,4;108018,4;132299,5;1150580,9;115097,2;30110,7;124,7;95,1;60440,6;13602,1;46838,5;
2012-09-30;279753,8;151105,9;418668,2;849527,9;80786,3;36987,4;31732,1;130027,1;198746,5;5316,1;8384,7;800300,5;814001,3;15578,5;8925,5;107442,6;131946,6;1144694,5;114783,5;30577,7;132,8;72,1;60391,8;13966;46425,8;
2012-08-31;273398,9;153535,2;418383,8;845317,9;80246,7;37026,9;31912,2;130010,1;198949,2;5187,7;8227,7;798336;811751,4;16104,8;9037,8;106997,1;132139,7;1142840,2;113957,3;28837,9;98,4;47;62035,9;15556,1;46479,8;
2012-07-31;273740,6;156033;418494,3;848267,9;82993,5;36682,1;31920,1;130157,4;198759,7;5111,4;8062,8;793621,4;806795,6;16426,5;9122;107252,3;132800,7;1138355,9;116488,6;30865,9;47,4;15,1;61889,7;15682,7;46207;
2012-06-30;271604,3;153928,9;420587,8;846121,1;82183,2;36069;32319,2;130291,2;198679,3;4977,7;8230,1;791118,1;804326;15471,6;9070,2;106274,7;130816,4;1133821,7;118364,6;32046,1;71,2;33,3;69143,2;22965;46178,2;
2012-05-31;270233,1;153195,6;422239,3;845668;83688,5;36252,5;32089,8;130529;198871,3;4911,4;8932;785813,9;799657,3;15556,5;8921,4;105967,8;130445,7;1128974,3;117523,5;32987;85;46,9;69187,4;22810;46377,4;
2012-04-30;272171,4;150692,7;415753,8;838617,9;79418,1;35937,8;31567,9;130039,1;197544,8;4755,6;8883,5;781514;795153,1;15836,4;8986,9;106826,8;131650,1;1124348;115451,2;33018,6;87,3;35,4;61088,5;14547,7;46540,7;
2012-03-31;270106,2;151314,5;415586;837006,7;80054,9;36475,1;31859,1;130211;198545,1;4662,3;8994,2;778539,7;792196,1;15658,4;9002,2;106527,7;131188,3;1121929,5;117719,1;33842,3;119,5;34,7;61605,9;14998,4;46607,5;
2012-02-29;266034,3;153189,9;418263,5;837487,7;80056,6;36571,3;31996,9;130185,7;198753,9;4694;9129,5;777061,8;790885,3;15412,8;9157,3;106413,6;130983,7;1120623;116242,9;31880,4;57,1;11,5;62927,4;15699,9;47227,5;
2012-01-31;264019,2;155706,1;417131,5;836856,8;83342,8;36521,7;31408;130682,4;198612,1;4557,4;9156,4;775116;788829,8;15051,6;9277,8;106472,6;130802;1118243,9;116824,1;33471;97,2;63,7;62795,3;16123,2;46672,1;
2011-12-31;255200,3;156946,3;419058,9;831205,5;85079,3;35970,7;32695,9;130950,6;199617,3;4524,6;9176;773193,7;786894,4;15854,8;9343,7;106356,1;131554,5;1118066,2;120337,1;34844,9;118,7;78,7;64192,8;17127,9;47064,9;
2011-11-30;272680,6;153450,5;418067,5;844198,5;83826,6;35988,3;32744;132190,1;200922,4;4462,6;9263;763830,3;777555,9;15683,9;9244,5;104918,9;129847,3;1108325,6;118166,8;37473,3;98,2;59,5;63189;17106,1;46082,9;
2011-10-31;273755,6;150657,6;413578,8;837992;81167,3;35787,4;32857,7;132014;200659,1;4478,3;9497;759153,7;773129;16002,4;9311,1;103755,9;129069,4;1102857,5;117463,8;36472,3;108,8;71,3;62052,5;16936,7;45115,8;
2011-09-30;269212,6;148688,9;411131,9;829033,4;77594,5;35502,9;33328,1;132154,2;200985,2;4400,3;9664,8;754811,8;768876,9;15791;9319,2;102785,8;127896;1097758;118325,2;37146,5;316,7;278,8;61274,8;17506,8;43768;
2011-08-31;263832,5;148429,6;410186,8;822449;78169,2;35170,1;33626,9;132619,1;201416;4304,3;9749,2;750185,8;764239,3;15964,6;9400;101436,9;126801,5;1092456,8;116777,6;36355,6;129,6;83;61783,2;17906,2;43877;
2011-07-31;265038,5;147328,2;409358,6;821725,2;79038,9;34710,7;33843,1;132353,2;200906,9;4223,1;9770,7;744953,4;758947,2;16378;9668,1;99930,9;125977;1085831;118884,5;40812,7;484,9;445,9;61593,2;17747,7;43845,4;
2011-06-30;259845,8;144625,1;410197,7;814668,6;76336,8;34134,4;34273,7;132411,1;200819,2;4052;9736,4;740995;754783,3;15823,7;9652,8;98995,7;124472,2;1080074,8;118533,4;42318,6;135,1;90,8;61133,2;17632,8;43500,4;
2011-05-31;259056,5;143783;408899,1;811738,6;73908,7;34062,7;34487,7;132243;200793,5;4101,9;9825,2;735512,5;749439,6;15874,2;9461,7;97890;123226;1073459,1;117229,9;44042,3;459,3;415,1;61326,4;17938;43388,4;
2011-04-30;259533,5;143300,3;403899,3;806733;71679,6;33365,9;34892;131967,9;200225,8;4063,2;9845,8;730317,7;744226,7;15911,3;9556,5;97060,6;122528,5;1066981;118195,2;44648,2;552,5;509,4;74805;31764,6;43040,4;
2011-03-31;250012,4;145283,2;398994,5;794290,1;69742;34071,8;35011,6;131934,1;201017,5;3912,6;10008,7;726218,9;740140,3;15923,7;9439,4;97484,7;122847,8;1064005,5;118247,7;42229,8;247,9;203,6;63546,7;20653,8;42892,9;
2011-02-28;249009,2;146221,7;396884,2;792115,1;68799,8;33484,4;35125,3;131499,7;200109,4;3785,1;10579,3;728213,8;742578,1;15777,2;9131,9;91442;116351,1;1059038,6;117346,9;39582,5;221,1;176,8;62394,4;19192,7;43201,7;
2011-01-31;247244,5;148282;393137,1;788663,6;67113,4;32389,5;36350,9;131769,9;200510,4;3756,4;10633,3;726187,1;740576,8;15696;9273,1;91259,9;116229;1057316,2;119020,4;40066,9;310;263,5;63189,6;19702,6;43487;
2010-12-31;246231,5;146054,2;391252,2;783537,8;;33726,3;36012,2;131914,6;201653;3703,6;10764,8;722749,5;737217,8;15719,2;9272;93217,4;118208,6;1057079,4;121532,6;41806,1;142,3;88,6;64886,9;20940,1;43946,8;
2010-11-30;259060,1;147101,5;384437,4;790598,9;;33327,6;36400;133021;202748,6;3631,8;10865;716518,4;731015,1;15767,7;9340,4;91574,2;116682,3;1050446,1;120493,8;42419,7;224,8;170,9;64797,5;21288,3;43509,2;
2010-10-31;257903,2;148520,1;379390;785813,3;;32933,6;36655,2;132707,6;202296,4;3589,9;10958,7;711771,7;726320,2;15792,7;9599;90087,9;115479,6;1044096,2;124264,4;43101,6;319,4;267,2;64271,7;21102,8;43168,9;
2010-09-30;254260,2;151264,5;372497,1;778021,8;;32637,9;36874,8;132423,1;201935,8;3540,7;11045,4;706964,4;721550,5;15738,7;9669,8;89298,2;114706,7;1038193;121987,2;39289,3;238,3;142,1;63998,2;21326,9;42671,3;
2010-08-31;255110,3;152317,4;370703,2;778130,8;;27863,9;32869,7;130729,6;191463,2;3624;11062,7;702633,7;717320,3;15568,8;9644,5;88289,2;113502,5;1022285,9;128470,8;44467,5;344,3;296,8;64396,9;21535,2;42861,7;
2010-07-31;252224,5;155109,7;364477,4;771811,6;;27481;32527,7;130891,3;190900;3502,3;11173,8;699634,2;714310,2;15167,6;9857,9;87540,2;112565,8;1017776,1;128679;45996;194,2;148,2;64264,3;21878,8;42385,5;
2010-06-30;251989,4;153569,4;366057,8;771616,6;;27041,8;32507,4;130495,1;190044,3;3485,5;11217,8;695587,3;710290,5;15028,3;9878,2;86564,3;111470,8;1011805,7;132108,7;49007,5;137,8;87,1;64944,8;21952,8;42992;
2010-05-31;247307,9;158043,4;361877,9;767229,2;;25880,4;33629,5;129647,3;189157,1;3433,9;6285,6;695421,4;705140,9;14901,9;10026,4;85493,6;110421,9;1004719,9;131286,7;47638,7;140,7;90,5;65846,1;22111,6;43734,5;
2010-04-30;248815,8;155621,5;359695,8;764133,2;;26148,4;32888,8;128811,3;187848,5;3539,7;6196,3;691106;700841,9;14825,8;9869,9;84526,4;109222,1;997912,6;133151,5;48138,8;340,5;294;65827,7;21687,2;44140,4;
2010-03-31;257516,9;162508,9;355599,1;775624,8;;27359,5;32226;128406,4;187991,9;3506,1;6224,9;686843,9;696574,9;14802,9;10004,2;83977,8;108785;993351,9;125095,8;35694,4;254,8;163,3;65573;21408;44165;
2010-02-28;256839,6;166413;356387,5;779640,1;;27152,1;31481,3;127711,4;186344,8;3396,2;6291,5;683919,8;693607,5;14697;10138,2;83615,6;108450,8;988403,1;128401,3;37285,7;209,1;116,2;66580,7;21796,8;44783,9;
2010-01-31;263900,6;165829,7;356570,7;786301,1;;26876,4;31720,1;127528,1;186124,6;3390,2;6138;681702,8;691231;14816,7;10064,2;83422,1;108303,1;985658,6;131487,3;37828,1;240,8;149,6;66164,9;21319;44846;
2009-12-31;254510;169387,6;360171,5;784069;;28083,8;32022,4;127081,7;187187,9;3427,2;6292,7;680610,8;690330,7;14624,1;10203,6;80957,7;105785,5;983304,1;136792,5;44436,7;890,1;800,9;67694,1;21894,3;45799,8;
2009-11-30;271329,9;172698,8;356002,8;800031,6;;27631;32092,8;126826,3;186550,1;3503,1;6398,8;671806,3;681708,1;14587;10297,6;79365,9;104250,5;972508,7;141742,2;43950;343,7;259,3;63079,7;21001,6;42078,1;
2009-10-31;271288;176819;355768,5;803875,6;;27697,8;32555,5;126117,7;186371;3559,7;6408,4;665998,9;675966,9;14991,3;10438,6;78715,5;104145,4;966483,3;143726,9;45137,6;350,7;263,9;61359,3;21042,5;40316,8;
2009-09-30;283756,1;173726,7;351446,1;808928,9;;27391,2;32655,5;125052,7;185099,5;3628,8;6280,1;660459,4;670368,3;14971,4;10450,2;77836,4;103258;958725,9;144312,2;45490,9;478,6;353,5;58726,4;20150,2;38576,2;
2009-08-31;285188,3;175582,2;349505,2;810275,7;;26973,2;32660,6;124214,6;183848,4;3671,9;6198,7;654719,6;664590,2;14882,2;10408,4;77142,2;102432,8;950871,5;145581,5;45846,7;412,3;282,9;58855,2;21297,8;37557,4;
2009-07-31;277853,5;181753,5;349828,1;809435;;26875,3;32686,1;122973,9;182535,2;3666;6004,8;649126,1;658796,9;14939,9;10357,8;76365,8;101663,6;942995,7;151874,7;49456,2;318;186,4;57780,8;21219,9;36560,9;
2009-06-30;291233,5;179668,9;347629;818531,4;;26442,8;32619,3;121372,8;180435;3644,3;5925,2;642822,3;652391,8;14824,3;10362,8;75343,5;100530,6;933357,4;155760,9;53038,6;769,5;636,1;56394,6;20829,3;35565,3;
2009-05-31;288028,7;183635,1;348220;819883,8;;26186,7;32725,7;119492,4;178404,8;3653,6;5903,3;635623,3;645180,2;14689,3;10345,8;74259,9;99295;922880;155786,1;51757,6;836,4;697,9;55631;21178,9;34452;
2009-04-30;294902,7;183935;346431,8;825269,5;;25465,2;33019,3;117808,8;176293,2;3571,2;6071,3;630069,5;639712;14630,2;10359,9;74680;99670;915675,2;158597;52507,9;290,4;144;56943,6;22538,6;34405,1;
2009-03-31;303868,4;183307,6;348010,8;835186,8;;25737,3;33098,4;115841,2;174676,9;3517,4;6105,1;623430,3;633052,8;14627,4;10274,4;73757,5;98659,2;906389;153942,3;35365,3;601,5;402;53349,5;19778,5;33571;
2009-02-28;305659,8;188279,7;351200,7;845140,1;;25432,4;33104,6;112951,8;171488,8;3605,4;6125,4;617206,8;626937,6;14666,2;10159,7;73107,1;97932,9;896359,3;156522,9;34398,7;399,4;183,5;54561,1;20537,9;34023,2;
2009-01-31;311502,6;188301,1;351743,5;851547,1;;25197;33431,3;111706,5;170334,7;3600,2;6119,9;612534,5;622254,6;14677,4;10250,4;66651,1;91578,8;884168,2;161570;35385,1;932,5;721,3;54775,3;20472,2;34303;
2008-12-31;329377,1;176261,6;345126;850764,7;;25574,4;33912,7;110910,8;170397,9;3661,9;6189,9;608586,1;618438;14995;10430,1;65959,8;91384,9;880220,8;157546,3;56924,6;1314,9;1127;54278,9;20255,2;34023,7;
2008-11-30;361173;174799,8;327312,5;863285,2;;24860,1;33931,9;108570;167362;3803,6;6265,6;600184,9;610254,1;16404,6;10491,2;60878,8;87774,6;865390,7;159629,7;60427,3;1535,8;1343,4;54165,9;20216,4;33949,5;
2008-10-31;366703;172175,2;320888,8;859767;;24966,1;33937;106267,6;165170,8;3738,9;6351,1;592533,3;602623,4;15529,3;10510,1;59705,7;85745,1;853539,2;161583,1;61560,7;1756;1571;53763,9;19968,9;33795;
2008-09-30;368160,6;168549;315033,9;851743,5;;26135;33715,3;103472,8;163323,1;3701,4;6377,9;583143;593222,3;16928,2;10547,2;58470,1;85945,5;842490,8;164539,9;65309,5;2144,1;1934,1;53277,5;20449,8;32827,8;
2008-08-31;353265,8;168732,3;309987,9;831986;;25804,2;33562,4;101179,8;160546,3;3726,5;6382,3;573699,7;583808,4;16669,8;10454,8;56924,4;84049;828403,8;163875,7;64168;2058;1846,7;53873,4;21241,2;32632,2;
2008-07-31;336416,8;165315,1;307225,2;808957,2;;25378,9;33312,7;99412,9;158104,5;3605,4;6419;564031,3;574055,7;16810,3;10510,9;55856,2;83177,4;815337,5;167081,5;67524,4;1991,4;1798,4;53215;20994,1;32220,8;
2008-06-30;349918,1;160449,7;301923,5;812291,3;;24651,6;33120;97200,6;154972,2;3568,2;6384,7;553606;563558,9;16559,3;10461;54126,7;81147;799678;164967,3;65745,5;2278;2088;52853,6;20952,1;31901,5;
2008-05-31;328974,2;158385,9;301814,6;789174,7;;24373;32806,7;94568,3;151748,1;3632,3;6414,5;543011,5;553058,3;16168,4;10248,1;52655,3;79071,7;783878;160058;58779,4;1798;1596,5;59523,1;27419,7;32103,4;
2008-04-30;323178,3;155998,9;297057,1;776234,3;;23639,8;32511;91955,4;148106,1;3538,2;6847,7;534368,6;544754,5;15844,4;10149,7;51491,2;77485,3;770345,9;155274,1;53531,2;883,1;683;53246,6;21242,3;32004,3;
2008-03-31;314049,1;158979,3;291552;764580,4;;24256;31999,8;88889,3;145145,1;3593,9;6897,3;524524,8;535016;15791,5;9921,9;50315,5;76028,9;756190,1;152619,2;52069,3;439,8;203;53553,9;21454,9;32099;
2008-02-29;303792,9;159929,8;288309,1;752031,9;;23809,7;31893,6;86454,6;142157,9;3711,8;7096,4;517323,4;528131,5;15246,9;9881,3;49089,5;74217,6;744507;150982,6;49448,9;281,5;35,8;54706,9;22187,9;32519;
2008-01-31;300537,4;160290,7;289595,1;750423,3;;23567,6;31739;84846,6;140153,2;3692,5;7194,8;510645,6;521533;14968,9;9909,9;48494,6;73373,5;735059,6;151643;48073;294,8;36;54529,2;22345;32184,2;
2007-12-31;298041,5;161773;285982,2;745796,7;;23249,1;31823,6;83634,1;138706,8;3652,2;7302,8;503808,7;514763,8;15189,2;9849,8;47762,8;72801,8;726272,4;155800,2;69699,7;285,7;18,7;57481,7;25132,8;32348,9;
2007-11-30;300084,3;162446,1;284736,8;747267,2;;23038,2;31662,5;81518,6;136219,4;3309,4;7411,4;480098,8;490819,6;14141,4;9850,2;47342,4;71334;698373;147515,5;64370,7;281,3;18,7;58922,3;26993,6;31928,7;
2007-10-31;287513,6;175064,1;280366,4;742944,1;;22047,5;31476,6;78991,9;132516;3315,2;7625,4;465010,6;475951,2;14246;9909,7;46342,1;70497,8;678965,1;143361,1;58618,5;530;254,5;58204;27010,3;31193,7;
2007-09-30;287374,8;174280,6;278501,9;740157,4;;21591,6;31768;76998,3;130358;3242,9;7800;452195,8;463238,7;14084,7;9738,7;44717,2;68540,5;662137,2;131584,8;47948,9;890;555,4;61176;29762,7;31413,3;
2007-08-31;270525;176190,6;275246,8;721962,4;;21312;31791,1;75434,4;128537,6;3054,3;8041,3;441910;453005,7;13321,4;9715;43747,2;66783,5;648326,8;128356,3;46455,1;719,3;371,7;63698,6;32789,2;30909,4;
2007-07-31;264098,6;177273,4;268162,8;709534,7;;20407,3;31806,1;73489,6;125703;2994,7;8267,1;428934,7;440196,5;13980,5;9668,5;42222,3;65871,3;631770,7;127705,8;49202,9;1118,9;467,4;63023,6;32326,1;30697,6;
2007-06-30;257887,9;171563,7;268599,4;698051,1;;22242,1;29464,5;71616,2;123322,9;2804,8;8519,4;417483,6;428807,8;13421,3;9992,2;40849,2;64262,8;616393,4;122513,5;45495,2;905,7;240,3;63012,9;32475,7;30537,2;
2007-05-31;249106;168289,5;261184;678579,5;;21379,1;29539,5;69149,4;120068;2641,9;8784,7;405256,3;416682,8;13667,2;9851,3;39522,5;63040,9;599791,7;115494,3;41536,2;997;335;63660,5;33221,6;30438,9;
2007-04-30;247473,9;161633,8;258806,7;667914,4;;20562,9;29528,5;66471,6;116563;2598,8;9191,9;393853,4;405644,1;14128,1;9900,2;38112,1;62140,4;584347,5;112380;38978,6;1085,3;429,5;64577,5;34101,1;30476,4;
2007-03-31;243218,1;157546,6;253136,6;653901,4;;20850,2;29279,8;64033;114163;2386,2;9443,8;383960;395790,1;14420,7;10043,6;36997,5;61461,8;571414,8;112264,6;38129,8;1270,9;345,1;63654,9;33025,9;30628,9;
2007-02-28;238588,9;156554,3;248428,3;643571,5;;20051,3;29171,1;62051,9;111274,3;2273,5;9691,8;374237,2;386202,5;14300,5;9932,3;35399,2;59632;557108,8;110262,2;36500,8;1348,6;414,9;65909,3;34851,9;31057,4;
2007-01-31;237709,4;155947,2;248150,3;641806,8;;20047;29341,5;60838,7;110227,2;2149,8;9966,5;367505,5;379621,8;14311,9;9983,5;34127,5;58422,9;548271,9;107972;37244,8;1325,1;390,8;65320,5;34188,9;31131,6;
2006-12-31;236602,1;153423;246428,9;636454;;20174,4;29262,7;60650,7;110087,8;2076;10182,8;362051,7;374310,5;14503,6;9855,2;31881,2;56240,1;540638,3;107812,3;37965;1213,2;295,7;67630;36457,7;31172,2;
2006-11-30;244610,2;156783,5;238476,5;639870,2;;19081;29352,7;58293,1;106726,8;1960,3;10585,7;351201,6;363747,6;13840,9;9743,1;30729,5;54313,4;524787,8;115801,9;34812,2;988,5;42,4;66815,6;36668,6;30146,9;
2006-10-31;240372,8;151208,2;226171,8;617752,9;;18813,8;29722,2;55566,3;104102,3;1900,1;10913,1;342017,8;354831;14550,6;9844,3;29569,8;53964,7;512898;119908;34452,3;2886,5;1925,2;69073,6;39735;29338,6;
2006-09-30;240601,6;146392,4;221538;608532;;18685,7;30040,8;53241,7;101968,2;1810,3;11278,8;332800,1;345889,2;15362,3;10572;28935,5;54869,8;502727,2;120893,3;35475,1;3836,4;2816,9;67717,1;39354,9;28362,2;
2006-08-31;228030,5;151835,1;219409,5;599275,1;;18335,3;30422,8;51652,8;100410,9;1708,4;11651,3;324155,5;337515,2;14382;10550;27770,6;52702,7;490628,8;118849,8;34059,9;3674,3;2663,9;69697,9;41543,8;28154,1;
2006-07-31;230022,2;149752,4;216360,4;596135;;17902,8;30692,6;50177,6;98772,9;1582,2;11859;315190,3;328631,4;14835,6;10546,9;26934,6;52317,1;479721,4;119365,4;34020,2;3948,4;2890;69435,2;42386,3;27048,9;
2006-06-30;228301,4;145367,8;211913;585582,2;;17294,4;31047,8;48770,5;97112,8;1440,7;12043,9;307400,6;320885,3;14335;10370,7;25996,1;50701,8;468699,9;122190,5;36420,3;1459,4;438,9;74828,2;48278,8;26549,4;
2006-05-31;228292,3;134774;208093,3;571159,7;;17367,1;31326,3;46410,8;95104,2;1219,8;12206,3;298287,5;311713,6;14405,3;10176,2;24926,4;49507,8;456325,6;124014,6;37340,6;1345,8;336,2;78940,4;52670;26270,4;
2006-04-30;223260,9;134795,4;202966,6;561022,9;;17139,2;31526,7;44099;92765;1072,7;12468,1;290473;304013,8;14422,4;9986,8;24226,8;48636,1;445414,8;120923,7;35087,4;1307,8;281,5;85639;59166,6;26472,4;
2006-03-31;218303;132154,9;197386,9;547844,8;;17482,8;31943,3;42409,3;91835,5;981,7;12481,1;284929;298391,8;14149,4;10347,2;23353,5;47850,1;438077,4;120309,6;36178,8;2528,9;1424,7;84963,7;58744,9;26218,8;
2006-02-28;218024;131758,9;194090,7;543873,6;;17099,8;33342,7;39120,4;89562,9;854,2;12439,7;278539,8;291833,8;14039,4;9938,9;22625,3;46603,5;428000,2;116399,9;30922;2828,4;1718,7;88612,8;62115,3;26497,5;
2006-01-31;214982,7;130465,4;189534,1;534982,1;;17468,2;33942,3;38034,5;89445;789,9;12557,5;273677,8;287025,2;14026,5;9976,2;22173,2;46175,9;422646,2;115732,4;30273,2;3278,5;2178,6;89036,9;62586,7;26450,1;
2005-12-31;209137,1;132295,8;185313,6;526746,5;;18014,6;34559,2;36974,8;89548,5;761,4;12753,7;268617;282132,1;14288,1;10043,7;21786,6;46118,4;417799;121045,5;35074,9;1919,6;792;89892;62174,9;27717,1;
2005-11-30;217275,9;133592,7;179666,2;530534,8;;16613,4;33868;34387,6;84869;729,1;12763,9;259719,5;273212,5;13086,2;9949;21097,5;44132,7;402214,1;119938,9;33744,4;3478,7;2320,7;99578,3;73412,7;26165,6;
2005-10-31;215008,2;135291,6;178661,2;528961;;17157;33993,1;30909,6;82059,7;715,1;12465,5;252906,6;266087,2;12821;9581,9;20823,5;43226,4;391373,3;119466,9;32630,6;4289,8;3130,9;105787,7;80401,2;25386,5;
2005-09-30;212613,4;131421,5;178419,3;522454,2;;17097;34360;28961,7;80418,7;653,9;12142,2;246246,7;259042,8;11571,4;9310,3;20045,7;40927,4;380388,9;119336,6;33207,4;4674,1;3457,7;102391,6;77590,6;24801;
2005-08-31;208189,6;131191,9;177991,1;517372,6;;16482,1;34818,2;27711,9;79012,2;670,9;11827,1;240029,6;252527,6;11042;9215,1;19692,8;39949,9;371489,7;114802,9;30076,9;4324,8;3116,4;103076;78586,3;24489,7;
2005-07-31;207954,1;124829,9;170931,9;503715,8;;16574,7;35011,9;25322,1;76908,8;599,4;11506;233023,6;245129;10593,1;9244,4;20233,8;40071,3;362109;114859,6;29632,4;4661;3434,3;108045,1;83856,3;24188,9;
2005-06-30;208331,6;129607,5;164462,3;502401,3;;16184;35710,9;24077,5;75972,4;602,7;11287,9;227773,7;239664,3;10636,4;9143;19571,8;39351,1;354987,8;115778,6;28812,4;4568,6;3344,3;110275,5;86720,2;23555,3;
2005-05-31;194789,1;127237,7;167261,7;489288,6;;15730,4;35866,3;22769,7;74366,4;566,6;11011,7;220736,7;232315;10164,6;8945,1;18880,7;37990,5;344671,9;113195,2;29392,4;3809,3;2590,7;107436;83692,7;23743,2;
2005-04-30;197495,5;123655,9;165078,7;486230,1;;15685,8;36493,2;19204;71382,9;529,9;10915,3;214613,5;226058,7;10449,6;9027,9;18700,4;38177,9;335619,5;112924;28827,8;1664,9;475,1;111639,1;88101,3;23537,8;
2005-03-31;198234;122797;162462,4;483493,4;;16111,2;36981,9;16478;69571,1;502,1;10740,6;209567,7;220810,4;10343,8;8805,8;18666,7;37816,3;328197,9;110870,1;29871,9;2171,7;437,7;122421,4;98418,3;24003,1;
2005-02-28;195239,7;117529,6;161814,4;474583,7;;15148,9;36883,5;15189,6;67222;495,9;10612,6;205135,8;216244,3;10025,8;8521,5;18776,4;37323,7;320790;111468;28121,8;2101,6;386,6;127899;104506,9;23392,1;
2005-01-31;188697,2;117847,3;158092,7;464637,2;;15410,3;37253,9;14604,3;67268,5;487,3;10478,8;202034,7;213000,8;9964,5;8641,1;18521,3;37127;317396,3;111203,6;27767,8;2239,6;1505,1;131596,4;108231;23365,4;
2004-12-31;187754,6;115381,8;157896,8;461033,2;;16260,3;37893,8;14143,4;68297,5;477,1;10418,3;198871,2;209766,6;10969,3;8229,4;17954,1;37152,9;315217;110940,1;27461,6;2230,4;1517,7;132775,6;109307,7;23467,9;
2004-11-30;197622;118573;159799;475994;;15059,4;36428,7;12609,5;64097,6;499,2;9909,6;191874,8;202283,6;9989,9;8139,3;17305,2;35434,4;301815,6;109460,3;23820,9;2275,6;1503,6;137771,1;114775,9;22995,2;
2004-10-31;197200,9;118623,9;159448,7;475273,5;;14631;36412;11528,5;62571,4;488,9;9357,5;186625,4;196471,8;9835,2;8179,1;16886,8;34901,1;293944,4;108202,4;23120;2785,9;1954;142072,1;119876,6;22195,5;
2004-09-30;193390,2;115718,9;158234,6;467343,7;;14047;36394,8;10358,6;60800,4;478,1;15045,6;175650,1;191173,8;9502,9;8121,3;16523,1;34147,3;286121,4;107407,5;21129,2;3040,8;2142,9;143943,9;122184,8;21759,1;
2004-08-31;180636,2;115014,4;157777,4;453428;;13747,1;35936,1;9860,1;59543,3;448,2;14542,5;170706,2;185697;9212,7;7964,6;16056,3;33233,6;278474;108420,8;20641,5;2431,2;1507,8;148952,1;127394,5;21557,6;
2004-07-31;182663,4;109021,4;155201;446885,8;;13362,8;35659,7;9593,5;58616;584,3;16764,1;162726;180074,4;9227,6;7875,6;15765,2;32868,4;271558,8;110845,2;22711,9;2697,5;1773,9;152116,5;130824,2;21292,2;
2004-06-30;183881,4;106816,3;151602,5;442300,2;;12650,1;35433;9379,5;57462,6;584,2;16591,3;160713,3;177888,8;9188,9;7854,8;15402,1;32445,8;267797,2;113135,9;25803,5;2955,2;2037,5;157781,5;136908,8;20872,7;
2004-05-31;185855,9;106984,4;148222,9;441063,2;;11987,6;35057,8;9144,9;56190,3;583;16500,4;155481,2;172564,5;8732,9;7403,2;15055,9;31192;259946,9;111793,7;25617,7;3866,1;2955,1;170684;149877,5;20806,6;
2004-04-30;189882,2;105615,7;147889,1;443387;;11902;34579,3;8963,1;55444,4;541,7;16340,2;151037,2;167919,1;8606,7;7340,7;13965,4;29912,8;253276,3;110645,4;23064,3;3648,1;2790,2;168651,1;148277,2;20373,8;
2004-03-31;188899,7;104582,2;142576,7;436058,6;;11881;33812,7;8839,8;54533,5;536,6;16161,1;149155,8;165853,5;8345,2;7214,6;11156,2;26716;247103,1;107369,4;23144,1;3583,7;2672,8;169885,4;149877;20008,3;
2004-02-29;187657;106530;141887,8;436074,9;;12449,4;33307,3;8772,5;54529,1;543,6;16129,3;145179,9;161852,8;8170,5;8114,6;11347,7;27632,8;244014,8;105005,5;21922,9;3559,2;2673,3;176500,3;156216,6;20283,7;
2004-01-31;188982,3;100771;139074,3;428827,6;;12259,1;33410,6;8625,4;54295;624,7;16546,3;144866;162037;8357,9;7871,2;11219,6;27448,7;243780,7;111332,3;27430,6;3898,6;2986,6;172348,3;152208,5;20139,8;
2003-12-31;184689,6;100062,8;147522;432274,4;;11807,4;33728,7;8827,3;54363,4;2124,9;35904,1;117191,7;155220,7;9504,1;7211,7;11228,2;27944;237528,1;116900,1;35489,3;4927,2;3658,2;222966,1;200753;22213,1;
2003-11-30;194857,6;104810,6;147496,8;447165;;10829,2;31907,1;8130,4;50866,7;2129,2;34620,8;112352,7;149102,7;7929,8;7021,7;11124,8;26076,3;226045,8;117392,6;36250;2911,4;2512,6;227556,8;205714,5;21842,3;
2003-10-31;188634,7;98589;145139,3;432363;;13086,7;31058,8;7962,1;52107,6;2066,1;33532,7;109703,3;145302,1;7705,7;6852,3;11084,5;25642,5;223052,2;113371,8;33598,3;1089,2;690,4;228089,1;206781,2;21308;
2003-09-30;185954,8;97725,1;144675,9;428355,8;;10797,1;30603;7886;49286;1949,7;31923,8;106863,7;140737,2;6325,7;7008,6;10814,8;24149,1;214172,3;111258;32002,7;624,7;225,9;227672,2;206082,7;21589,6;
2003-08-31;185377,8;100798,2;149363,2;435539,3;;10729;30530,1;7528,7;48787,8;1814,3;30643,6;104074,2;136532,1;6795,8;8751,5;11683,3;27230,7;212550,6;109470,7;31697,3;936,3;537,5;228646,6;207722,5;20924,1;
2003-07-31;183587,6;102255,5;145626,4;431469,6;;10361,9;30600,5;7121,4;48083,8;1863;29867,5;100854,1;132584,6;6540,9;8646,1;11283,1;26470,2;207138,6;108856,1;30531,7;829,3;430,6;224829,9;203724,1;21105,8;
2003-06-30;181835,3;102688,7;145095,9;429619,9;;9965,1;29786,5;8492,5;48244,1;1684,3;28128,9;96943;126756,2;6155,9;8423,9;11381;25960,9;200961,2;110537,4;32126,1;410,9;12,3;218461,7;198165,6;20296,1;
2003-05-31;178889,3;104046,6;142396,9;425332,8;;9833;29396,6;7982,5;47212,1;1563,4;27308,7;94749,1;123621,2;6084,3;7906,4;12035,3;26026;196859,3;104120,7;29451,2;401,7;3,1;219097,4;197558,4;21538,9;
2003-04-30;185420,6;107802,2;147071,5;440294,3;;9502,9;29215,2;7785;46503;1499,4;26534,1;93092;121125,5;6401,4;8139,3;12144;26684,8;194313,3;104661,2;30580,6;1025,5;612,6;207407;187246,3;20160,7;
2003-03-31;184446,8;107708,8;148246,7;440402,3;;10726,8;27610,4;7527,1;45864,3;1433,5;25394,9;91236,8;118065,1;6306,3;7970,6;12187,3;26464,2;190393,6;100563,1;26973,1;509,1;96,3;206438,2;186153,6;20284,7;
2003-02-28;184941,6;105097,9;149178;439217,5;;10411,7;27083,4;7369,9;44865,1;1990,6;24771,8;89161,2;115923,5;6298,2;7997,6;12190,7;26486,4;187275;100977,5;27348,3;837;422,8;212767,9;193000,5;19767,4;
2003-01-31;189882,8;104549,1;148583,3;443015,2;;10119,4;26949,1;7227,6;44296,1;1953,1;24386,2;88018,6;114357,9;6248;8067,3;12179,1;26494,5;185148,4;103949,5;30863,7;429,3;14,3;209314,2;189554,4;19759,8;
2002-12-31;193220,7;101501,1;142000,9;436722,7;;10114,1;26874;6995,6;43983,8;2070,1;23768,6;86193,5;112032,2;6440,9;7179,3;11879,6;25499,8;181515,8;105537,2;36752,3;422,5;8,2;208503,5;188801,1;19702,4;
2002-11-30;197055,7;104650,5;144510,3;446216,6;;9179;24665,3;6487,4;40331,6;2172,4;23201,6;82729;108103;5951;8256,8;11983,5;26191,4;174626;100366;31616,7;416,4;12,2;210972;191642;19330;
2002-10-31;196460;107252;145572,2;449284,1;;9066,3;24144,8;4931,7;38142,8;2081,3;22382,7;81132,9;105596,9;5753,3;7315,8;13237,8;26306,9;170046,6;97842,3;30450,9;436,4;32,2;210997,9;192028,3;18969,6;
2002-09-30;198453,6;107388;142876,7;448718,3;;9770,6;23398,5;4598,7;37767,8;1920,6;21312,9;79325,9;102559,4;5639,7;7364,1;13153,7;26157,5;166484,7;98829,8;30554,1;616,7;215,4;207576,7;189380,3;18196,4;
2002-08-31;197541,4;110321,3;143667,3;451530;;8790,2;22748,4;4870;36408,6;1578,1;20716,3;78771,3;101065,6;5621,2;6814,6;11556,9;23992,6;161466,8;96852,4;27247,1;406,9;6,9;215898,3;197047,5;18850,9;
2002-07-31;195320,6;109834,1;143431,5;448586,2;;8428,2;22476,2;4847,9;35752,3;1545;20691,4;77134,8;99371,2;5748,5;6901,8;11320,3;23970,6;159094,1;90228,3;27247,7;413,2;14,7;214187,6;195566,1;18621,5;
2002-06-30;202045,6;117451,5;145861,1;465358,1;;7882,6;22069,2;4689,2;34641;1519,1;19864,5;75569,3;96952,9;6480,4;6880,7;11717,2;25078,4;156672,2;95488,9;36501,8;714,2;308,1;216434,3;198347,4;18086,8;
2002-05-31;198235,4;121196,2;148185,9;467617,5;;7397,2;21562;4486,6;33445,9;1386,4;19593,1;73791,9;94771,4;6021,1;6785,8;11890,7;24697,5;152914,7;96466,7;38505,4;546,4;141,9;227295,4;209047,5;18247,9;
2002-04-30;209299,4;121368;146065,5;476732,9;;7231,2;20744,2;4278,1;32253,5;1261,8;19213,6;68584,8;89060,2;6385,1;7633,6;15126,2;29144,9;150458,6;100902,5;40150,5;737,7;334,8;213414;195596,9;17817,2;
2002-03-31;229902,1;124524,5;148444,5;502871,1;;6440,4;20601,4;4114,8;31156,6;1239,9;18587,9;68064,5;87892,4;6129,3;8237,9;14718,1;29085,2;148134,2;104816,9;43125,4;776,3;375;183357,7;165426,7;17931;
2002-02-28;227500,4;125253,1;156795,2;509548,7;;6484;20238,7;4071,1;30793,8;1237,3;18407,7;67054,8;86699,8;6652,7;8184,9;15032,6;29870,1;147363,7;104937,5;43129,1;1155,5;1155,5;170422,6;154170,7;16252;
2002-01-31;227039,4;143678,6;145597,1;516315,1;;6641,7;19888,5;6805,1;33335,3;1229,2;17942,4;64202,3;83373,9;5543;8386,2;14666,2;28595,4;145304,5;104430,6;43237,4;1195,6;1195,6;167900,8;151327,2;16573,7;
